1.
mysql> SELECT * FROM ToDoList WHERE OWNER=1;
+----+--------+---------------------+-------+----------+
| Id | Name   | CreationDate        | Owner | IsPublic |
+----+--------+---------------------+-------+----------+
|  1 | School | 2013-01-25 12:35:00 |     1 |        0 |
|  2 | Work   | 2014-02-14 00:00:00 |     1 |        0 |
+----+--------+---------------------+-------+----------+
2 rows in set (0.00 sec)

2.
mysql> SELECT Id,Title FROM ToDoItem WHERE ToDoListId=1;
+----+------------------------------+
| Id | Title                        |
+----+------------------------------+
|  1 | Do assignment 1              |
|  2 | Do telnet exercises          |
|  3 | Do HTML part of assignment 1 |
| 17 | Assignment 2                 |
| 18 | First part of 2              |
| 19 | Second part of 2             |
| 20 | Learn for Midterm            |
| 22 | Assigment 3 and 4            |
| 23 | Assignemnt 3 part 1          |
| 24 | Assignment 3 part 2          |
| 25 | Assignment 4 part 1          |
| 26 | Assignment 4 part 2          |
| 27 | Create database for students |
+----+------------------------------+
13 rows in set (0.00 sec)

mysql> SELECT * FROM ToDoItem WHERE ToDoListId=1;
+----+------------------------------+------------------------------------------------------------------+---------------------+---------------------+-----------+---------------------+----------+------------+------------+
| Id | Title                        | Text                                                             | CreationDate        | DueDate             | Completed | CompletionDate      | Priority | ToDoListID | ParentToDo |
+----+------------------------------+------------------------------------------------------------------+---------------------+---------------------+-----------+---------------------+----------+------------+------------+
|  1 | Do assignment 1              | Finish assignment one before the assessment time                 | 2014-11-17 12:56:12 | 2014-11-20 23:59:59 |         1 | 2014-11-20 23:55:15 |        3 |          1 |       NULL |
|  2 | Do telnet exercises          | Do all telnet exercises and understand what is happening and why | 2014-11-18 22:51:48 | 2014-11-20 23:59:59 |         1 | 2014-11-18 13:35:48 |        3 |          1 |          1 |
|  3 | Do HTML part of assignment 1 | Do the html part of the first assignment: code and design        | 2014-11-18 15:26:58 | 2014-11-20 23:59:59 |         1 | 2014-11-19 15:59:36 |        3 |          1 |          1 |
| 17 | Assignment 2                 | Fix all parts of assignment 2 for webdata                        | 2014-11-25 12:22:45 | 2014-11-27 15:45:00 |         1 | 2014-11-27 12:52:33 |        3 |          1 |       NULL |
| 18 | First part of 2              | Do the first part of the second assignment                       | 2014-11-25 12:23:15 | 2014-11-27 15:45:00 |         1 | 2014-11-26 09:12:52 |        3 |          1 |         17 |
| 19 | Second part of 2             | Do the second part of the second assignment                      | 2014-11-25 12:25:55 | 2014-11-27 15:45:00 |         1 | 2014-11-27 12:52:33 |        3 |          1 |         17 |
| 20 | Learn for Midterm            | For webdata midterm                                              | 2014-12-01 14:55:32 | 2014-12-09 09:00:00 |         1 | 2014-11-08 22:55:15 |        1 |          1 |       NULL |
| 22 | Assigment 3 and 4            | For webdata                                                      | 2014-12-02 16:11:25 | 2014-12-18 12:00:00 |         0 | NULL                |        3 |          1 |       NULL |
| 23 | Assignemnt 3 part 1          | part 1 for A3                                                    | 2014-12-02 16:12:11 | 2014-12-18 12:00:00 |         1 | 2014-12-14 12:55:34 |        3 |          1 |         22 |
| 24 | Assignment 3 part 2          | part 2 for A3                                                    | 2014-12-02 16:12:55 | 2014-12-18 12:00:00 |         1 | 2014-12-14 18:32:56 |        3 |          1 |         22 |
| 25 | Assignment 4 part 1          | part 1 for A4                                                    | 2014-12-02 16:14:25 | 2014-12-18 12:00:00 |         1 | 2014-12-16 13:25:56 |        3 |          1 |         22 |
| 26 | Assignment 4 part 2          | part 2 for A4                                                    | 2014-12-02 16:15:45 | 2014-12-18 12:00:00 |         0 | NULL                |        3 |          1 |         22 |
| 27 | Create database for students | So they can practice with the assignments                        | 2014-12-12 15:48:55 | 2014-12-16 23:59:59 |         1 | 2014-12-16 15:22:45 |        3 |          1 |       NULL |
+----+------------------------------+------------------------------------------------------------------+---------------------+---------------------+-----------+---------------------+----------+------------+------------+
13 rows in set (0.00 sec)


3.
mysql> SELECT Id,Title FROM ToDoItem WHERE ToDoListId=1 LIMIT 5,9;
+----+------------------------------+
| Id | Title                        |
+----+------------------------------+
| 19 | Second part of 2             |
| 20 | Learn for Midterm            |
| 22 | Assigment 3 and 4            |
| 23 | Assignemnt 3 part 1          |
| 24 | Assignment 3 part 2          |
| 25 | Assignment 4 part 1          |
| 26 | Assignment 4 part 2          |
| 27 | Create database for students |
+----+------------------------------+
8 rows in set (0.00 sec)


4.
mysql>  SELECT Id,Title,Priority FROM ToDoItem WHERE ToDoListId=1 AND Priority=3 LIMIT 7,4;
+----+----------------------+----------+
| Id | Title                | Priority |
+----+----------------------+----------+
| 23 | Assignemnt 3 part 1  |        3 |
| 24 | Assignment 3 part 2  |        3 |
| 25 | Assignment 4 part 1  |        3 |
| 26 | Assignment 4 part 2  |        3 |
+----+----------------------+----------+
4 rows in set (0.00 sec)

mysql>  SELECT Id,Title,Completed FROM ToDoItem WHERE ToDoListId=1 AND Completed=1 LIMIT 7,4;
+----+------------------------------+-----------+
| Id | Title                        | Completed |
+----+------------------------------+-----------+
| 23 | Assignemnt 3 part 1          |         1 |
| 24 | Assignment 3 part 2          |         1 |
| 25 | Assignment 4 part 1          |         1 |
| 27 | Create database for students |         1 |
+----+------------------------------+-----------+
4 rows in set (0.00 sec)

mysql>  SELECT Id,Title FROM ToDoItem WHERE ToDoListId=1 AND CreationDate between '2014-11-25 12:21:55' and '2014-11-25 12:25:58' ;
+----+------------------+
| Id | Title            |
+----+------------------+
| 17 | Assignment 2     |
| 18 | First part of 2  |
| 19 | Second part of 2 |
+----+------------------+
3 rows in set (0.00 sec)


5.
mysql> select * from ToDoItem where ParentToDo=22;
+----+----------------------+---------------+---------------------+---------------------+-----------+---------------------+----------+------------+------------+
| Id | Title                | Text          | CreationDate        | DueDate             | Completed | CompletionDate      | Priority | ToDoListID | ParentToDo |
+----+----------------------+---------------+---------------------+---------------------+-----------+---------------------+----------+------------+------------+
| 23 | Assignemnt 3 part 1  | part 1 for A3 | 2014-12-02 16:12:11 | 2014-12-18 12:00:00 |         1 | 2014-12-14 12:55:34 |        3 |          1 |         22 |
| 24 | Assignment 3 part 2  | part 2 for A3 | 2014-12-02 16:12:55 | 2014-12-18 12:00:00 |         1 | 2014-12-14 18:32:56 |        3 |          1 |         22 |
| 25 | Assignment 4 part 1  | part 1 for A4 | 2014-12-02 16:14:25 | 2014-12-18 12:00:00 |         1 | 2014-12-16 13:25:56 |        3 |          1 |         22 |
| 26 | Assignment 4 part 2  | part 2 for A4 | 2014-12-02 16:15:45 | 2014-12-18 12:00:00 |         0 | NULL                |        3 |          1 |         22 |
+----+----------------------+---------------+---------------------+---------------------+-----------+---------------------+----------+------------+------------+
4 rows in set (0.00 sec)


6.
mysql> select ToDoId,Title,TagId,Tag.Text from Tag inner join ItemTag on ItemTag.TagId=Tag.Id inner join ToDoItem on ToDoId=ToDoItem.id  where ToDoItem.Id=1;
+--------+-----------------+-------+---------+
| ToDoId | Title           | TagId | Text    |
+--------+-----------------+-------+---------+
|      1 | Do assignment 1 |     1 | webdata |
|      1 | Do assignment 1 |     3 | school  |
+--------+-----------------+-------+---------+
2 rows in set (0.00 sec)


7.
mysql> select distinct L.* from ToDoList as L inner join ToDoItem as I on L.Id=I.ToDoListID inner join ItemTag as IT on I.Id=IT.ToDoId where IT.TagId=1;
+----+--------+---------------------+-------+----------+
| Id | Name   | CreationDate        | Owner | IsPublic |
+----+--------+---------------------+-------+----------+
|  1 | School | 2013-01-25 12:35:00 |     1 |        0 |
+----+--------+---------------------+-------+----------+
1 row in set (0.00 sec)


8.
mysql> select T.id,T.Text,ToDoItem.Completed,count(*) from Tag as T, ToDoItem,ItemTag where ToDoItem.Id=ItemTag.ToDoId and ItemTag.TagId=T.Id group by T.Id,ToDoItem.Completed;
+----+----------+-----------+----------+
| id | Text     | Completed | count(*) |
+----+----------+-----------+----------+
|  1 | webdata  |         0 |        2 |
|  1 | webdata  |         1 |       11 |
|  2 | sport    |         0 |        2 |
|  2 | sport    |         1 |        1 |
|  3 | school   |         0 |        5 |
|  3 | school   |         1 |       14 |
|  4 | work     |         0 |        2 |
|  5 | personal |         0 |        4 |
|  5 | personal |         1 |        4 |
+----+----------+-----------+----------+
